,mcap_cr
AAREYDRUGS,152.31
AAKASH,81.4
AARTIPHARM,5862.16
360ONE,37927.24
5PAISA,891.86
AARTECH,123.11
AAATECH,118.28
3IINFOLTD,307.82
3PLAND,
A2ZINFRA,279.33
AARTIDRUGS,3220.66
AARTISURF,308.59
21STCENMGM,31.57
3MINDIA,33496.69
AARON,284.6
63MOONS,2284.02
AADHARHFC,19131.75
AAVAS,9030.78
ADROITINFO,51.43
ABCAPITAL,78129.75
ADANIPOWER,308518.84
ACCELYA,1716.99
ADVENTHTL,762.43
ADVANCE,618.94
ADANIENSOL,113244.17
ABINFRA,1032.92
ACI,7208.74
ABB,130161.68
ADANIGREEN,140998.28
ADANIENT,249805.79
ACC,24898.71
ABSLAMC,26487.86
ACMESOLAR,16643.02
ACE,9731.3
AEQUS,8091.38
AEGISVOPAK,18795.97
ABREL,12654.6
ADL,35.11
ABMINTLLTD,40.29
20MICRONS,529.77
AARTIIND,14841.69
AEROENTER,807.77
ADSL,559.72
AEGISLOG,20682.67
AARVI,186.29
ADANIPORTS,317393.4
ABBOTINDIA,55940.1
ABLBL,11352.94
ABCOTS,887.33
AERONEU,205.97
AEROFLEX,3347.71
AFCONS,10434.05
AETHER,14652.4
AFIL,343.53
AFSL,1022.93
ABDL,11855.51
AFFORDABLE,162.85
ADVENZYMES,3050.01
AFFLE,19988.11
AGARWALEYE,13210.87
AHLWEST,
ADVANIHOTR,462.84
ABFRL,7013.69
AHLADA,45.02
AJANTPHARM,34889.03
ACCURACY,57.66
AGROPHOS,56.46
AGI,3253.95
ACEINTEG,16.8
AGSTRA,33.87
AJAXENGG,5011.02
AHCL,601.41
ADOR,1511.87
AGRITECH,63.45
AGIIL,3718.05
ACL,414.41
AGARIND,574.45
AHLUCONT,4650.95
AIRAN,187.03
AJOONI,69.76
AKI,47.14
AIIL,35642.0
AHLEAST,270.07
AKUMS,7645.61
AKG,32.83
AKSHOPTFBR,74.84
ACUTAAS,17276.44
AKASH,41.43
ALLTIME,1321.68
ALKEM,62867.28
AKZOINDIA,13624.75
AKSHAR,34.65
AIAENG,34304.57
ALGOQUANT,1476.32
ALICON,1003.49
AIROLAM,126.57
ADFFOODS,1955.02
ALPA,108.89
AJMERA,2140.39
AKSHARCHEM,130.86
ALBERTDAVD,375.32
ALKALI,52.33
ALPHAGEO,117.82
ALLCARGO,1157.4
ALOKINDS,6181.72
ALIVUS,12178.42
ALANKIT,215.08
ALEMBICLTD,1999.56
ALLDIGI,1190.72
ALKYLAMINE,6745.9
ALMONDZ,206.58
AMBER,22105.65
AMANTA,419.63
AMBIKCO,719.36
AMNPLST,782.33
ANANTRAJ,16266.35
ANTELOPUS,2079.11
AMBUJACEM,103433.46
ANDHRSUGAR,995.74
ANMOL,60.06
ANGELONE,21938.05
AMDIND,74.54
ANANDRATHI,26637.25
ANIKINDS,102.66
AMBICAAGAR,38.67
ANDHRAPAP,1196.48
ANURAS,14424.78
ANTHEM,37115.24
ANKITMETAL,19.9
ANSALAPI,47.38
AMJLAND,151.86
ANUP,3524.66
AMRUTANJAN,1475.78
APARINDS,39494.9
ANUHPHR,739.75
APCL,314.75
APLLTD,12929.72
APOLSINHOT,262.22
ANTGRAPHIC,11.78
ARE&M,13325.71
APOLLOPIPE,1910.3
ARENTERP,11.57
ARFIN,1288.34
APEX,1176.72
APOLLOTYRE,25931.36
AQYLON,1163.88
APCOTEXIND,1824.68
ARIES,447.28
ARCHIES,46.55
ARKADE,1906.21
APLAPOLLO,52732.88
APTUS,9985.81
ARMANFIN,1552.44
ARIHANTSUP,901.98
ARCHIDPLY,136.08
AROGRANITE,32.56
ARSHIYA,34.78
APOLLOHOSP,105214.42
APOLLO,7413.73
ARIHANTCAP,694.42
APTECHT,445.98
ARTEMISMED,
ARSSBL,2832.36
ARVIND,9573.74
ARTNIRMAN,86.67
ARVINDFASN,5862.91
ASAHISONG,244.19
ARROWGREEN,800.48
ARVEE,152.04
ASIANENE,1159.17
ASMS,242.55
ASIANHOTNR,1253.29
ASTEC,1209.89
ASAL,651.87
ASHOKAMET,33.37
ATALREAL,302.31
ASHIMASYN,251.4
ATULAUTO,1134.75
ASHOKA,3143.53
ASIANTILES,1716.57
ASKAUTOLTD,8605.27
ARVSMART,2422.01
ASAHIINDIA,20944.82
ASTRAL,41734.8
ASIANPAINT,207919.11
ASTRAMICRO,9044.94
ASTERDM,34027.7
ATLANTAELE,9267.58
ASTRAZEN,19568.75
ATLANTAA,307.66
ASHIANA,3075.06
ATL,678.57
ATHERENERG,29165.44
ASPINWALL,165.11
ASHOKLEY,87191.5
ASALCBR,1454.74
AUSOMENT,132.09
ATGL,57225.9
AVALON,6260.33
AVADHSUGAR,937.26
ASHAPURMIN,4677.44
ATLASCYCLE,54.76
AUTOIND,250.89
AUROPHARMA,77461.51
ASTRON,17.16
ATUL,18536.53
AURIGROW,17.99
AURUM,1315.11
ATAM,60.23
AUBANK,64873.97
AURIONPRO,4273.8
AUTOAXLES,2507.23
AVANTIFEED,16538.86
AVANTEL,3562.92
AVG,191.16
AWHCL,1222.06
AWFIS,1848.11
BAFNAPH,271.17
BAJAJHFL,64963.56
AVONMORE,306.45
AWL,23815.7
BAGFILMS,83.22
BAJAJ-AUTO,244583.33
AVTNPL,901.32
AYMSYNTEX,1073.26
AXITA,332.27
BAJAJHCARE,1047.41
AZAD,9984.34
BAJAJINDEF,754.78
BALPHARMA,104.12
AXISCADES,6943.02
BAIDFIN,156.13
BAJAJFINSV,262101.35
AVROIND,150.37
BAJEL,1762.18
AXISBANK,372536.41
BANG,41.56
BALMLAWRIE,2727.2
BALAXI,116.6
BALKRISIND,39962.53
BALAJEE,199.36
AVL,5940.85
BALAJITELE,1025.08
BANKA,53.77
BANARISUG,4629.28
BAJAJCON,4708.14
BALAMINES,3452.16
BALRAMCHIN,9889.12
BAJAJHLDNG,100080.69
BANARBEADS,70.41
BAJAJELEC,4037.95
BALKRISHNA,45.11
BAJAJHIND,3944.92
BBOX,8376.89
BANDHANBNK,23574.97
BALUFORGE,5219.73
BANCOINDIA,7464.36
BANKINDIA,63354.93
BAJFINANCE,513998.51
BATAINDIA,8446.19
BANSWRAS,360.63
BASF,14331.88
BCG,1808.29
BANSALWIRE,3951.07
BASML,164.56
BBL,2553.67
BANKBARODA,129056.51
BBTCL,351.85
BDL,43459.65
BAYERCROP,21404.66
BFUTILITIE,1525.48
BEDMUTHA,316.96
BCLIND,860.78
BECTORFOOD,5802.55
BBTC,9842.72
BELLACASA,334.34
BCONCEPTS,279.44
BEARDSELL,91.77
BHAGCHEM,2562.13
BHAGYANGR,486.99
BEPL,2173.03
BGRENERGY,1930.75
BETA,1400.32
BEL,308180.28
BHARTIHEXA,75340.0
BHAGERIA,647.01
BHARATSE,985.06
BFINVEST,1321.76
BHARATWIRE,1100.78
BIRLACORPN,6856.12
BESTAGRO,483.82
BHARATRAS,2343.9
BIL,954.82
BEML,12350.58
BIGBLOC,663.0
BERGEPAINT,49353.77
BIKAJI,15727.52
BHARATFORG,78530.84
BHARATGEAR,139.74
BHANDARI,97.74
BHARTIARTL,1090190.65
BHEL,86393.47
BIOFILCHEM,45.38
BELRISE,16977.12
BIOCON,57089.52
BIRLACABLE,342.3
BILVYAPAR,16.89
BIRLAMONEY,624.82
BLAL,684.08
BIRLANU,1050.64
BLS,11049.79
BLISSGVS,2479.03
BLUEJET,6198.79
BLSE,1455.18
BLKASHYAP,1015.57
BLUESTARCO,31420.45
BLACKBUCK,10425.13
BLUEDART,11610.79
BOSCH-HCIL,3093.35
BOMDYEING,2125.86
BLBLIMITED,85.49
BLUSPRING,869.33
BOROSCI,990.65
BLUESTONE,6508.65
BMWVENTLTD,460.2
BODALCHEM,701.51
BOSCHLTD,94805.03
BLUECOAST,36.21
BOROLTD,2862.68
BOHRAIND,17.1
BORORENEW,5813.63
BUILDPRO,2465.79
BORANA,798.43
BROOKS,157.46
BVCL,80.57
BSHSL,917.15
BRITANNIA,131080.53
BRNL,155.81
BRIGHOTEL,2229.3
CANHLIFE,13733.47
BUTTERFLY,1081.44
BPCL,120675.53
BPL,220.54
CALSOFT,71.6
BSL,117.08
BSE,115803.64
CAPILLARY,3910.86
BSOFT,10364.75
BTML,112.83
BYKE,189.15
BRIGADE,16817.02
CAMPUS,7028.95
CAMS,16389.3
CAPACITE,1801.46
CANBK,115233.55
CAMLINFINE,1977.78
CARBORUNIV,16269.14
CAPTRUST,38.45
CARTRADE,8120.67
CAPLIPOINT,11921.98
CANTABIL,1990.82
CARERATING,4495.33
CAPITALSFB,1084.55
CANFINHOME,10972.16
CARRARO,2621.14
CCHHL,180.14
CCCL,665.67
CARYSIL,2270.76
CEATLTD,13588.23
CEMPRO,9265.36
CENTRALBK,30148.23
CELEBRITY,43.05
CENTEXT,148.46
CENTUM,4191.18
CEIGALL,4812.99
CELLO,8938.38
CENTENKA,871.9
CASTROLIND,17598.47
CEWATER,586.12
CENTRUM,1239.16
CGPOWER,107102.52
CGCL,16003.51
CHEMCON,513.01
CCL,14583.63
CHALET,15953.72
CENTURYPLY,16054.22
CHEMFAB,481.38
CEREBRAINT,50.45
CHEVIOT,566.33
CHOICEIN,14146.19
CHOLAHLDNG,26265.36
CESC,20314.37
CIEINDIA,17329.21
CDSL,24793.67
CIFL,872.06
CHEMBONDCH,378.27
CIPLA,96320.0
CERA,6030.35
CHENNPETRO,15386.09
CHEMPLASTS,4065.55
CINEVISTA,81.79
CHEMBOND,191.6
CHAMBLFERT,18129.83
CIGNITITEC,3302.88
COFFEEDAY,465.18
CHOLAFIN,115561.81
CINELINE,280.7
CLCIND,14.41
CNL,894.69
CLEAN,7551.61
CLEDUCATE,260.6
CLSEL,1209.91
COHANCE,11765.6
COCHINSHIP,34591.57
CMSINFO,4631.25
CORONA,
COASTCORP,307.09
CORDSCABLE,193.88
COFORGE,40747.3
CONCORDBIO,10724.21
COMPINFO,8.56
CONFIPET,1742.99
COUNCODOS,32.2
COALINDIA,276922.2
CONTROLPR,920.17
COMSYN,611.87
CPEDU,283.74
COLPAL,49759.77
CONCOR,33454.07
COSMOFIRST,1594.29
CPCAP,154.67
CREDITACC,18859.53
COROMANDEL,55356.95
CPPLUS,21198.94
CTE,47.53
COMPUSOFT,107.29
CREATIVEYE,12.79
CRIZAC,3385.74
CROWN,131.67
CUB,17869.54
CONSOFINVT,676.56
CUPID,11778.24
CSBBANK,6252.66
CRAMC,4616.71
CURAA,109.85
CRAFTSMAN,16195.56
CUBEXTUB,120.79
CYBERMEDIA,27.7
DAVANGERE,534.82
CYIENT,8886.72
CSLFINANCE,549.75
DALMIASUG,2995.56
CREST,933.09
CROMPTON,15157.59
CRISIL,27123.83
DALBHARAT,33684.18
CYIENTDLM,2231.52
DAMCAPITAL,965.99
CUMMINSIND,128800.98
CYBERTECH,336.71
DATAPATTNS,17104.78
DABUR,74007.22
DBL,6600.95
DAMODARIND,49.87
DBREALTY,4909.87
DATAMATICS,4169.36
DANGEE,47.27
DCI,521.36
DBCORP,3550.3
DBSTOCKBRO,91.46
DBOL,748.06
DBEIL,281.63
DCMSRIND,324.44
DECCANCE,840.6
DDEVPLSTIK,2227.02
DCMFINSERV,10.35
DCAL,2315.45
DEVX,315.57
DCMNVL,211.2
DEEPAKFERT,12544.92
DEN,1192.39
DCM,116.1
DELPHIFX,3412.37
DCBBANK,5328.31
DEEPINDS,2808.64
DELTAMAGNT,58.36
DCMSHRIRAM,17543.98
DCXINDIA,1848.41
DEEPAKNTR,18790.87
DEVIT,290.13
DENTA,654.31
DCW,1422.45
DHUNINV,463.29
DEEDEV,2084.48
DHRUV,60.43
DELTACORP,1494.06
DENORA,375.98
DIGISPICE,333.86
DGCONTENT,139.43
DHANUKA,4340.59
DHANBANK,899.3
DHARAN,71.55
DIGIDRIVE,71.45
DEVYANI,11889.24
DELHIVERY,32012.45
DISHTV,468.85
DHAMPURSUG,889.29
DHARMAJ,828.47
DIAMONDYD,2288.02
DIAMINESQ,245.42
DIVISLAB,155471.67
DICIND,447.2
DIXON,60227.92
DIGJAMLMTD,79.0
DIACABS,6608.74
DIFFNKG,1043.73
DIGITIDE,1148.14
DLF,129320.17
DNAMEDIA,32.61
DMCC,522.67
DODLA,6218.89
DOLATALGO,1252.68
DIVGIITTS,1938.35
DMART,284825.98
DLINKINDIA,1421.04
DONEAR,456.89
DOLPHIN,1612.38
DJML,278.05
DRCSYSTEMS,215.4
DOLLAR,1428.34
DREAMFOLKS,360.1
DPABHUSHAN,2292.15
EFCIL,2596.44
DRREDDY,101351.77
DREDGECORP,2364.6
DPSCLTD,751.77
DYCL,1311.73
EASTSILK,31.8
DOMS,14303.6
DSSL,1122.88
DTIL,128.7
DVL,746.4
E2E,4491.53
DPWIRES,216.48
DYNPRO,268.07
EASEMYTRIP,2363.95
DUCON,100.07
DYNAMATECH,6374.96
EBGNG,4195.62
ECOSMOBLTY,712.32
EIHAHOTELS,1783.3
EDELWEISS,10033.12
EICHERMOT,182405.23
ECLERX,13483.68
EKC,1199.02
EIHOTEL,18023.0
DWARKESH,835.89
EIEL,2951.01
EIMCOELECO,896.41
EIDPARRY,14370.27
ELGIRUBCO,199.7
ELLEN,2788.83
ELECON,8710.08
EIFFL,560.5
ELECTHERM,763.13
EMMVEE,15061.27
ELGIEQUIP,15148.52
ELIN,563.16
ELDEHSG,773.82
ELECTCAST,4948.38
EMBDL,6083.93
EMIL,3643.57
ENDURANCE,31675.87
ENERGYDEV,68.01
EMKAY,536.17
EMAMILTD,17387.44
EMMBI,135.07
EMAMIREAL,264.98
EPIGRAL,3811.54
EPACKPEB,1462.98
ENIL,477.47
EMCURE,29340.88
ENTERO,5434.95
EMAMIPAP,387.56
EPACK,2077.09
ENRIN,93044.11
ENGINERSIN,11280.72
EMUDHRA,3373.68
ESSENTIA,128.98
EUROBOND,363.8
EMSLIMITED,1597.52
ERIS,18455.3
ETERNAL,211146.64
ESTER,773.57
ESAFSFB,1211.29
EPL,6844.66
EUROPRATIK,2279.98
ESABINDIA,8049.32
EVERESTIND,545.36
EQUITASBNK,6195.49
ETHOSLTD,5954.66
EQUIPPP,151.14
EUREKAFORB,8965.44
ESSARSHPNG,485.62
EXICOM,1182.03
ESCORTS,31290.01
EUROTEXIND,14.81
EVEREADY,2052.11
EXIDEIND,25443.27
FABTECH,640.49
FAZE3Q,1009.55
EXCELINDUS,1107.79
EXCELSOFT,872.11
EXPLEOSOL,1118.74
FCL,2471.68
EXXARO,284.11
FINCABLES,12199.21
FACT,50067.19
FCSSOFT,232.5
FDC,5425.65
FAIRCHEMOR,641.71
FEDFINA,5100.11
FEL,33.41
FIEMIND,5225.24
FINPIPE,9836.14
FINEORG,13377.87
FILATFASH,137.79
FIBERWEB,100.14
FELDVR,128.52
FISCHER,2653.3
FINKURVE,753.72
FIRSTCRY,10883.82
FEDERALBNK,65422.84
FLEXITUFF,20.99
FLFL,24.94
FORCEMOT,27836.17
FIVESTAR,10644.02
FMGOETZE,2323.75
FILATEX,1802.43
FOSECOIND,3502.82
FMNL,47.36
FINOPB,1013.9
FORTIS,59547.32
FOCUS,419.53
FLAIR,3119.7
FLUOROCHEM,35190.45
GABRIEL,12593.26
FSL,15052.84
GALAPREC,938.32
FOODSIN,400.89
FUSION,2386.61
GALLANTT,13460.69
GALAXYSURF,6054.23
GANESHCP,728.65
GANECOS,2973.1
GANGESSECU,116.14
GAIL,93188.6
GEECEE,507.29
GANESHBE,570.23
GANGAFORGE,35.86
GAEL,6437.44
GARFIBRES,5942.55
GANDHAR,1238.37
GAYAHWS,52.24
GATECH,55.85
GCSL,805.34
GANESHHOU,4553.77
GATECHDVR,58.91
GARUDA,1395.81
GATEWAY,2723.62
GEOJITFSL,1608.86
GANDHITUBE,982.67
GEMAROMA,795.05
GEEKAYWIRE,222.52
GENSOL,73.5
GENCON,247.19
GENUSPAPER,273.84
GICRE,66412.81
GENESYS,990.06
GKSL,818.16
GICL,435.39
GINNIFILA,312.11
GENUSPOWER,7247.03
GILLANDERS,182.61
GHCL,4175.65
GFLLIMITED,445.11
GICHSGFIN,764.01
GLOBECIVIL,234.93
GKENERGY,1879.51
GHCLTEXTIL,697.39
GIPCL,2019.1
GESHIP,20552.76
GILLETTE,24658.86
GLFL,14.71
GKWLIMITED,871.11
GLOTTIS,396.32
GLAND,27820.77
GLENMARK,59051.07
GLOBALE,10.87
GLAXO,39158.2
GLOBAL,506.37
GLOSTERLTD,580.32
GLOBALVECT,212.97
GLOBE,97.74
GNA,1594.02
GMDCLTD,18521.82
GODAVARIB,1597.46
GMMPFAUDLR,3827.89
GOCOLORS,1478.36
GNFC,5858.53
GLOBUSSPR,2507.54
CORALFINAC,113.06
GODREJPROP,45431.17
GOACARBON,280.03
GODREJIND,28355.6
GODREJAGRO,10966.57
GMRAIRPORT,93837.62
GMBREW,2410.69
GODFRYPHLP,29790.96
GMRP&UI,7716.45
GOCLCORP,1351.94
GPTINFRA,1320.0
GOKUL,378.16
GODIGIT,29651.13
GOKULAGRO,5706.68
GOLDTECH,187.08
GPIL,17957.34
GOPAL,3256.44
GODREJCP,101792.37
GOYALALUM,85.21
GOKEX,4452.33
GPPL,7040.62
GOLDIAM,3292.68
GPTHEALTH,1011.9
GRINFRA,8183.73
GOODLUCK,3476.08
GREAVESCOT,3077.13
GRASIM,173890.3
GRSE,25839.14
GRMOVER,3226.58
GREENPOWER,1088.34
GRINDWELL,15366.83
GREENPLY,2433.19
GRAVITA,9433.11
GRAPHITE,12467.85
GREENPANEL,2232.08
GREENLAM,5629.94
GSLSU,206.44
GRANULES,15204.82
GROWW,103401.42
GROBTEA,99.38
GRPLTD,1013.28
GTECJAINX,19.35
GTPL,677.93
GSPL,13464.79
GOLDENTOBC,38.37
GRWRHITECH,8610.94
GSS,31.72
GUJRAFFIA,
GSFC,6052.87
HARDWYN,991.71
GULFOILLUB,4392.65
GUJGASLTD,21209.3
GUJTHEM,2743.37
HARIOMPIPE,968.35
GTL,94.06
GVPTECH,101.57
GUJALKALI,4434.19
GUJAPOLLO,549.44
HALEOSLABS,389.31
GTLINFRA,1332.15
GVT&D,97866.11
GUFICBIO,2900.61
HAPPSTMNDS,5906.34
GULPOLY,937.05
HCC,4033.98
HAPPYFORGE,11214.5
GULFPETRO,139.91
GVKPIL,386.91
HAL,246577.34
GVPIL,2763.91
HAVISHA,41.77
HARRMALAYA,329.03
HARSHA,3040.22
HDIL,92.32
HBSL,32.93
HDFCAMC,100614.07
HEXT,27051.92
HATHWAY,1731.16
HAVELLS,74058.3
HEADSUP,15.39
HBLENGINE,18499.99
HATSUN,20093.01
HDFCBANK,1155882.84
HESTERBIO,1207.46
HDBFS,47927.38
HGM,64.15
HCL-INSYS,379.91
HDFCLIFE,122123.6
HCLTECH,379386.57
HEG,10613.76
HEIDELBERG,3320.29
HERITGFOOD,2899.8
HCG,7878.68
HIKAL,1985.04
HILTON,78.83
HILINFRA,336.46
HECPROJECT,105.99
HEXATRADEX,865.13
HGINFRA,3146.56
HINDCOMPOS,538.63
HEROMOTOCO,100274.99
HEMIPROP,3362.76
HERANBA,703.52
HINDWAREAP,1656.78
HINDCON,92.6
HFCL,10974.5
HINDALCO,204862.08
ICIL,
HOMEFIRST,
HMVL,
HPIL,
ICDSLTD,
HINDCOPPER,
ICICIGI,
HYUNDAI,
ICEMAKE,
ICICIBANK,
HONASA,
HGS,
HLEGLAS,
IBULLSLTD,
IDBI,
HUDCO,
HONDAPOWER,
ICICIPRULI,
HITECHGEAR,
HINDZINC,
HMT,
HIMATSEIDE,
HITECH,
HINDUNILVR,
HONAUT,
HINDOILEXP,
HPAL,
HISARMETAL,74.97
HLVLTD,506.31
HMAAGRO,1184.73
HIRECT,2382.53
HNDFDS,5862.81
HITECHCORP,228.87
HINDPETRO,69367.01
HSCL,22769.2
ICICIAMC,140581.95
HTMEDIA,487.29
INDGN,11357.39
HYBRIDFIN,52.74
IFBIND,3861.24
IGL,20502.37
IIFLCAPS,8137.54
IGCL,413.04
IKIO,940.48
INCREDIBLE,146.39
IKS,22495.18
HPL,1912.94
IFGLEXPOR,988.92
IL&FSTRANS,62.5
IDEA,92958.32
IGPL,1081.8
IMPEXFERRO,12.15
HUBTOWN,2638.35
HUHTAMAKI,1232.67
IMFA,6787.23
IIFL,18493.16
ICRA,4915.69
INDIAMART,12130.64
INDIASHLTR,8315.43
IMAGICAA,2357.94
IDFCFIRSTB,51799.43
IGIL,13844.24
IMPAL,1211.06
INDIANB,117147.01
IGARASHI,927.47
IDEAFORGE,1714.59
INDBANK,141.58
IEX,10620.02
IITL,297.76
INDIACEM,16685.62
IFBAGRO,709.28
INDIANCARD,100.06
INDIQUBE,3040.05
INDIGOPNTS,3659.58
IFCI,14150.35
INDIGO,162126.16
INDIANHUME,1659.95
IL&FSENGG,316.88
INDHOTEL,82950.51
INDNIPPON,1599.9
INDIAGLYCO,6013.21
INDOBORAX,793.47
INDOAMIN,702.99
INDORAMA,850.18
INDOCO,1728.66
INDTERRAIN,146.08
INFOMEDIA,26.38
INDOSTAR,3159.99
INDOTECH,1330.39
INDOFARM,596.8
INDRAMEDCO,3663.25
INFOBEAN,1377.11
INNOVANA,731.36
INDOWIND,124.78
INDUSTOWER,112039.46
INDUSINDBK,60668.99
INOXWIND,13755.92
INTERARCH,2990.42
INVENTURE,101.85
INOXINDIA,11275.55
INNOVACAP,4030.92
INOXGREEN,5807.85
INSECTICID,1771.19
INDOUS,211.49
INTELLECT,9127.36
INTENTECH,229.22
IONEXCHANG,4276.32
IOC,189408.18
INDOTHAI,3729.81
INDSWFTLAB,1203.99
INTLCONV,421.08
IOLCP,2274.3
IOB,63177.31
INGERRAND,11574.01
INSPIRISYS,296.87
IRIS,470.09
ISFT,101.74
ISGEC,6738.66
IREDA,32289.3
IRCTC,40944.0
IRFC,120044.41
IRISDOREME,534.74
IRB,26330.04
IRCON,11752.68
ITCHOTELS,30846.8
INFY,526382.7
IRMENERGY,758.82
IPL,1591.92
IPCALAB,37895.85
IVALUE,1192.25
ITDC,3479.66
ISHANCH,142.89
ITC,366925.48
IZMO,1015.88
ITI,24575.95
JAIBALAJI,5281.02
IVP,129.75
JAGSNPHARM,1248.22
IXIGO,7300.58
JAGRAN,1347.2
JAYKAY,1822.31
JAICORPLTD,1689.99
JARO,969.99
JBCHEPHARM,31487.17
JETFREIGHT,82.55
J&KBANK,12505.03
JAYSREETEA,225.39
JGCHEM,1321.75
JAIPURKURT,47.43
JAINREC,15993.0
JBMA,13289.18
JAYNECOIND,7670.75
JAYAGROGN,498.39
JAMNAAUTO,4639.12
JKIPL,218.69
JISLDVREQS,2655.47
JAYBARMARU,908.76
JNKINDIA,1385.98
JKTYRE,11221.94
JIOFIN,145791.89
JISLJALEQS,2162.36
JMA,184.37
JINDALPHOT,1093.08
IVC,221.26
JHS,69.57
JINDALSAW,12224.56
JKCEMENT,39951.55
JINDRILL,1398.44
JINDALPOLY,3381.84
JPOLYINVST,1131.19
JKPAPER,5987.86
JKIL,3445.03
JOCIL,91.09
JKLAKSHMI,7301.55
JINDALSTEL,115779.97
JLHL,8058.72
JITFINFRA,786.11
JINDWORLD,2020.62
JMFINANCIL,11490.79
JSFB,3925.45
JPPOWER,10293.03
JSWHL,13244.87
JSL,59134.86
JUBLCPL,2607.14
JSLL,7540.08
JSWSTEEL,278803.83
JUSTDIAL,4383.68
JUBLFOOD,29368.7
JSWINFRA,50283.96
JSWCEMENT,15519.44
JUNIPER,4533.93
JTLIND,1960.69
JYOTICNC,17593.45
JUBLINGREA,9156.15
KALPATARU,5921.06
KAVDEFENCE,344.84
JSWENERGY,86243.38
JYOTISTRUC,1249.76
KAKATCEM,73.2
JUBLPHARMA,13301.86
KALYANI,13.81
KAJARIACER,15513.92
KABRAEXTRU,724.94
JWL,10966.75
KAMOPAINTS,140.15
JYOTHYLAB,7639.9
JTEKTINDIA,3526.82
KAMDHENU,538.83
KANPRPLA,435.77
KAYNES,23734.89
KCPSUGIND,274.96
KALYANKJIL,40744.03
KALYANIFRG,212.86
KECL,578.29
KAPSTON,859.4
KCP,1740.89
KERNEX,1610.43
KARMAENG,43.31
KALAMANDIR,1418.81
KARURVYSYA,26354.86
KAUSHALYA,28.02
KANSAINER,14442.64
KEEPLEARN,27.25
KEI,38700.08
KANORICHEM,280.9
KAMATHOTEL,472.8
KAYA,399.66
KANANIIND,25.23
KEC,14095.29
KDDL,2729.09
KEYFINSERV,131.34
KIMS,25058.7
KICL,1856.09
KHAITANLTD,49.74
KFINTECH,15598.76
KINGFA,5687.5
KILITCH,485.06
KHAICHEM,502.82
KHADIM,153.42
KELLTONTEC,796.99
KIOCL,20827.63
KHANDSE,21.34
KNAGRI,467.53
KMSUGAR,238.46
KIRIINDUS,2253.31
KMEW,3888.4
KIRLOSIND,2907.68
KKCL,2725.07
KOLTEPATIL,2715.38
KIRLPNU,7082.39
KITEX,3108.3
KESORAMIND,266.24
KIRLOSBROS,11150.3
KNRCON,3405.61
KIRLOSENG,20116.33
KRISHANA,3333.74
KOTARISUG,197.27
KOTAKBANK,356048.65
KOTHARIPRO,372.65
KPITTECH,18994.94
KRISHIVAL,823.57
KOPRAN,579.33
KPIL,18889.15
KPIGREEN,7649.55
KPEL,1902.45
KOTYARK,407.41
KREBSBIO,103.59
KOHINOOR,78.54
KOKUYOCMLN,758.6
KOTHARIPET,648.13
KRN,5394.26
KPRMILL,28425.95
KRBL,7038.36
KRISHNADEF,1237.19
KRSNAA,1785.59
KRONOX,441.24
KSHINTL,3037.83
KROSS,1031.44
KRIDHANINF,20.92
KRITI,368.08
KRITIKA,137.93
KSHITIJPOL,20.38
KRYSTAL,739.19
KRITINUT,306.47
LAOPALA,1966.36
KSB,14589.71
KSR,60.19
KSL,2736.28
KTKBANK,8601.56
LAKPRE,10.89
KSCL,4239.17
LALPATHLAB,22185.76
LATENTVIEW,6458.13
LAGNAM,113.05
LAMBODHARA,96.99
LAL,124.37
KSOLVES,677.62
LANDMARK,1683.73
LATTEYS,109.82
LASA,31.26
LAXMICOT,21.26
KUANTUM,610.41
LAXMIINDIA,418.3
LAURUSLABS,56315.21
LCCINFOTEC,90.53
LGHL,1186.54
LICHSGFIN,28460.26
LEMONTREE,8570.96
LAXMIDENTL,991.02
LIBERTSHOE,400.42
LEXUS,44.96
LANCORHOL,150.78
LOKESHMACH,428.52
LENSKART,83854.43
LGEINDIA,89516.51
LFIC,35.65
LICI,464792.44
LGBBROSLTD,5448.94
LIKHITHA,680.0
LIBAS,26.74
LLOYDSME,78112.01
LOTUSDEV,5560.7
LINCOLN,1211.6
LMW,13151.84
LODHA,69517.79
LEMERITE,1079.03
LPDC,78.06
LLOYDSENGG,6204.26
LINC,588.33
LOVABLE,91.43
LINDEINDIA,62227.63
LOTUSEYE,217.91
LOYALTEX,89.06
LLOYDSENT,6947.34
LTFOODS,13412.58
LTTS,35482.88
LORDSCHLO,352.59
MAANALU,688.11
LYKALABS,198.47
LUMAXIND,4476.45
M&MFIN,39620.97
LTF,60192.92
LYPSAGEMS,14.12
LUPIN,103985.39
MACPOWER,860.51
MAHABANK,49141.34
LUXIND,2741.18
LT,497029.68
LUMAXTECH,10999.97
MAHESHWARI,130.38
MADRASFERT,947.44
M&M,361546.38
MADHAV,28.96
MAHAPEXLTD,119.44
MAHLIFE,6814.32
LXCHEM,3270.34
MAITHANALL,2642.89
MAHLOG,3452.45
MAGADSUGAR,695.35
MAGNUM,142.3
MAHEPC,288.7
MADHUCON,30.72
MAHASTEEL,1544.83
MALLCOM,625.9
MANGALAM,46.91
MANAKCOAT,1101.82
MAHSEAMLES,7884.52
MAMATA,842.57
MANBA,531.73
MANINFRA,3450.54
MANCREDIT,357.15
MANORG,332.14
MANAKSTEEL,327.01
MARALOVER,161.13
MANINDS,2629.09
MANALIPETC,739.89
MANGLMCEM,2216.58
MANYAVAR,8965.71
MAHSCOOTER,13028.53
MANAKALUCO,153.61
MANKIND,82503.74
MANAKSIA,308.4
MANUGRAPH,35.35
MARATHON,2769.97
MANORAMA,7282.65
MANOMAY,416.0
MALUPAPER,53.82
MARINE,2285.82
MASFIN,5363.76
MAXESTATES,5432.11
MANAPPURAM,24028.22
JASH,2327.42
MARUTI,397121.89
MASKINVEST,38.31
MATRIMONY,891.92
MARICO,98620.16
MBEL,1521.8
MAXHEALTH,91922.33
MARKSANS,7619.95
MASTERTR,913.15
MARKOLINES,326.07
MAXIND,757.96
MAZDOCK,91349.44
MAYURUNIQ,2301.02
MCL,163.83
MBAPL,4659.56
MASTEK,4675.33
MBLINFRA,337.03
MAZDA,357.21
MEDANTA,26880.44
MCLOUD,1248.27
MCX,62177.79
MCLEODRUSS,370.35
MEDIASSIST,2399.44
MAWANASUG,365.98
METROBRAND,25623.65
MEGASTAR,298.38
MEDICO,313.76
MENONBE,608.59
MEDICAMEQ,310.55
MEIL,659.25
MGL,9415.0
MHLXMIRU,173.23
MEDPLUS,10042.56
MEESHO,66913.61
MFSL,50563.44
MIDWESTLTD,4403.3
MFML,24.72
MEP,15.41
METROPOLIS,8744.05
MIRZAINT,401.61
MHRIL,4987.86
MIRCELECTR,1039.84
MICEL,796.06
MIDHANI,5491.8
MITTAL,38.62
MGEL,368.11
MINDACORP,11801.0
MOHITIND,28.12
MODIRUBBER,283.96
MMFL,1989.44
MKPL,185.6
MODINATUR,402.12
MOKSH,75.79
MMTC,8311.41
MOLDTECH,336.21
MODIS,583.23
MINDTECK,532.05
MOIL,5966.19
MOTILALOFS,41273.63
MODISONLTD,408.58
MITCON,106.03
MMP,548.85
MOBIKWIK,1338.89
MORARJEE,20.4
MOL,1143.24
MONTECARLO,1033.6
MONARCH,2103.15
MONEYBOXX,417.88
MOSCHIP,3226.49
MOLDTKPAC,1737.04
MSPL,1778.61
MOTOGENFIN,84.51
MODTHREAD,158.71
MOTHERSON,112732.0
MPHASIS,42135.29
MUFTI,472.5
MOTISONS,1247.97
MPSLTD,2815.16
MRF,53603.81
MOREPENLAB,2071.81
MUFIN,1995.75
MRPL,31957.53
MUNJALAU,722.19
MTARTECH,11007.72
MSTCLTD,2869.39
MTNL,1545.39
MUKKA,618.6
MURUDCERA,163.11
MUKANDLTD,1777.24
MUNJALSHOW,465.9
MTEDUCARE,9.72
MSUMI,24583.57
NATCAPSUQ,160.83
MUKTAARTS,100.78
NAM-INDIA,52957.25
NAHARPOLY,574.48
MUTHOOTMF,2562.03
MUTHOOTCAP,303.19
MWL,777.86
MVGJL,708.87
NACLIND,3232.89
NAGAFERT,230.26
NAHARCAP,361.0
NAHARINDUS,398.48
MUTHOOTFIN,127690.79
NARMADA,124.62
NAVINFLUOR,30237.22
NAGREEKCAP,30.16
NAUKRI,64348.58
NAGREEKEXP,63.12
NAVKARCORP,1248.41
NAHARSPING,820.16
NATHBIOGEN,267.89
NAVKARURB,82.32
NATIONALUM,73878.04
NDGL,237.73
NAVNETEDUL,2872.71
NBCC,22434.3
NAVA,15850.9
NATCOPHARM,18408.86
NCC,8897.21
NAZARA,8702.96
NDRAUTO,1573.25
NCLIND,745.23
NECCLTD,127.57
NBIFIN,493.05
NDTV,782.89
NECLIFE,195.04
NDL,357.25
NDLVENTURE,414.87
NEOGEN,3152.08
NEULANDLAB,15967.43
NELCAST,1074.32
NESTLEIND,229720.09
NETWORK18,4622.65
NH,33003.72
NEPHROPLUS,5304.01
NGLFINE,1320.15
NFL,3407.86
NIBE,1371.24
NEXTMEDIA,26.9
NEWGEN,6199.61
NIBL,66.5
NILAINFRA,269.81
NETWEB,17980.78
NIPPOBATRY,220.61
NINSYS,713.78
NIRAJ,138.25
NESCO,7535.04
NHPC,75669.25
NKIND,41.25
NELCO,1280.46
NIITMTS,3764.56
NILKAMAL,1833.36
NGIL,45.91
NIITLTD,790.21
NOIDATOLL,58.04
NILASPACES,526.24
NIRAJISPAT,11.38
NITIRAJ,209.45
NITCO,1957.11
NIACL,20325.25
NORBTEAEXP,145.52
NORTHARC,3554.98
NLCINDIA,38631.7
NITINSPIN,2120.62
NOVAAGRI,213.98
NOCIL,2758.08
NMDC,68646.51
NIVABUPA,13408.81
NTPCGREEN,81920.78
NRBBEARING,2273.23
NRAIL,695.74
OAL,824.95
NPST,2355.39
NSIL,2614.78
NSLNISP,10408.93
NTPC,348740.59
ODIGMA,70.55
NURECA,237.76
NRL,334.36
NYKAA,70459.01
NUVOCO,10468.68
NUVAMA,20809.04
NUCLEUS,2087.99
OFSS,60862.55
OIL,78129.18
OCCLLTD,436.92
OBCL,121.56
OMFREIGHT,236.87
ONGC,361305.63
OLECTRA,8373.06
OILCOUNTUB,206.33
ORCHASP,66.41
ONELIFECAP,57.51
OMAXAUTO,212.68
OBEROIRLTY,54799.42
OMAXE,1337.73
ONESOURCE,16162.88
OPTIEMUS,2756.89
ONWARDTEC,525.55
OLAELEC,11897.12
ONEPOINT,1198.04
OMKARCHEM,8.17
OMINFRAL,826.65
ORIENTCEM,2715.4
ONMOBILE,466.78
ORCHPHARMA,2657.37
ORBTEXP,403.95
ORICONENT,1041.15
ORIENTELEC,3391.41
ORIENTLTD,60.86
ORIENTBELL,384.35
ORIENTHOT,1602.75
ORIENTALTL,45.57
ORIENTPPR,342.04
ORISSAMINE,2023.26
ORTEL,5.34
ORKLAINDIA,8272.09
ORIENTCER,457.02
ORTINGLOBE,11.55
OSWALAGRO,551.7
PAKKA,391.43
OSIAHYPER,57.93
OSWALSEEDS,96.04
PALREDTEC,36.72
MAPMYINDIA,4791.98
OSWALPUMPS,3546.98
ORIENTTECH,1163.75
PAISALO,3252.45
PACEDIGITK,3337.49
PANSARI,448.82
PAR,101.48
PANAMAPET,1620.56
PAGEIND,37884.78
PANACHE,454.1
PANACEABIO,1980.85
PARKHOSPS,8517.24
PARAS,5122.1
PARAGMILK,2418.72
PARASPETRO,81.88
PALASHSECU,83.6
PATANJALI,50872.17
PARSVNATH,257.86
PARACABLES,993.46
PATELRMART,550.51
PATELENG,2331.79
PARADEEP,11977.37
PAUSHAKLTD,990.59
PASHUPATI,1548.25
PARKHOTELS,2288.44
PAYTM,64388.6
PFC,132746.59
PENIND,1965.22
PASUPTAC,396.02
PDMJEPAPER,688.58
PFS,1702.42
PFOCUS,25700.81
PFIZER,22357.37
PDSL,4040.33
PENINLAND,547.02
PERSISTENT,81743.41
PATINTLOG,65.48
PAVNAIND,221.29
PIGL,224.9
PEARLPOLY,24.82
PGEL,12932.44
PCJEWELLER,7035.61
PINELABS,17542.22
OSWALGREEN,589.89
PETRONET,38203.5
PICCADIL,5320.35
PIDILITIND,129622.71
PGHH,31671.94
PCBL,10187.93
PILANIINVS,4881.42
PGIL,6857.76
PGHL,7932.18
PHOENIXLTD,54546.43
PNB,120097.71
PIONEEREMB,67.23
PITTIENG,2774.4
PILITA,164.26
PNC,27.76
PIRAMALFIN,39805.47
PLATIND,1137.44
PNCINFRA,4463.53
POKARNA,2701.51
PKTEA,249.09
PNBGILTS,1155.67
POLYCAB,103657.23
POCL,3315.28
PNBHOUSING,20437.51
PLAZACABLE,143.59
POLICYBZR,66093.36
PODDARMENT,219.85
PIXTRANS,1990.61
PNGJL,7722.44
PONNIERODE,240.88
POWERGRID,269671.02
PLASTIBLEN,336.61
POONAWALLA,31778.15
POWERINDIA,112963.05
POLYPLEX,2492.88
POLYMED,13539.39
POWERMECH,5986.23
PPL,433.28
PRABHA,2167.21
PRAENG,148.54
PRAJIND,6141.2
PPAP,274.61
PRECOT,657.54
PRAXIS,108.6
PIIND,42434.43
PRAKASHSTL,71.6
PRIMO,519.32
PRECWIRE,5487.47
PRAKASH,2200.98
PREMIER,9.16
PRECAM,1136.7
PPLPHARMA,18825.47
PREMIERENE,41199.33
PRITIKAUTO,197.15
PRIMESECU,937.17
PROSTARM,738.23
PREMEXPLN,2289.59
PROTEAN,1989.2
PRESTIGE,49620.12
PRIVISCL,11488.73
PRITI,47.84
PRSMJOHNSN,6225.51
PSPPROJECT,2494.28
PREMIERPOL,647.73
PRICOLLTD,6457.89
PTCIL,22078.03
PROZONER,705.33
PVRINOX,9254.36
PRUDMOULI,39.93
PRINCEPIPE,2486.77
PURVA,4192.57
RACLGEAR,1511.42
PSB,15888.65
PRUDENT,9274.22
PVSL,657.59
PUNJABCHEM,1161.25
RACE,207.45
PWL,25728.65
PTL,493.24
PTC,4890.06
PVP,647.22
QPOWER,6750.42
QUADFUTURE,1145.8
RAJRATAN,1886.79
RADIANTCMS,410.19
RAILTEL,8458.33
PYRAMID,528.97
QUESS,2671.54
RAJOOENG,952.16
RADIOCITY,188.32
QUICKHEAL,768.16
RAMANEWS,453.9
RAINBOW,11693.53
RADAAN,15.78
RADHIKAJWE,668.6
RAJMET,91.79
RAMAPHO,408.72
RAJESHEXPO,2579.29
RAIN,3803.4
RAMASTEEL,675.68
RADICO,35147.77
RAJTV,181.64
RAJRILTD,1143.64
RALLIS,4567.88
RAMCOCEM,21860.59
RAJSREESUG,91.52
RANEHOLDIN,1452.98
RBZJEWEL,491.24
RAYMONDREL,2736.59
RAYMONDLSL,4753.8
REDTAPE,6315.83
RAMRAT,2828.94
RAMKY,3109.06
RAMCOSYS,1368.19
RAMCOIND,2197.35
RATEGAIN,5828.13
RANASUG,185.66
RECLTD,85539.1
REFEX,2799.55
REDINGTON,15722.27
RBA,3558.46
RAYMOND,2335.96
RATNAMANI,15809.14
RATNAVEER,949.39
RCOM,226.68
REGENCERAM,109.09
RCF,6340.55
RBLBANK,18605.15
RELCHEMQ,86.77
RELAXO,6657.86
RELIABLE,120.67
RELTD,2378.78
REGAAL,693.28
RELINFRA,2997.1
RIIL,1008.08
RESPONIND,3461.11
REPL,138.62
RELIGARE,7452.75
RHIM,7516.65
REPRO,514.35
RKDL,46.61
RELIANCE,1827560.43
RKSWAMY,406.34
RGL,1110.6
RETAIL,14.64
REPCOHOME,2270.04
RENUKA,5994.48
RKEC,73.0
REMSONSIND,318.1
RHETAN,1959.52
ROML,60.42
RKFORGE,9126.89
RICOAUTO,1471.76
RITCO,505.1
RISHABH,1494.84
RMDRIP,1072.89
RML,1849.62
RPPINFRA,321.37
RPOWER,9363.39
ROSSARI,2370.96
RNBDENIMS,554.33
RPTECH,2403.36
RPEL,2877.99
RHL,298.35
RTNINDIA,3975.58
RITES,9167.52
RSWM,607.61
ROLLT,29.23
ROTO,993.48
ROSSELLIND,169.27
ROSSTECH,2740.01
ROLEXRINGS,3218.98
ROHLTD,859.95
RRKABEL,15083.75
RPGLIFE,3177.48
RPSGVENT,3378.78
ROUTE,2892.85
RPPL,116.32
RSSOFTWARE,62.43
RSYSTEMS,3152.04
RTNPOWER,4435.71
RUBFILA,345.41
RUDRA,
SAMMAANCAP,
RUBYMILLS,
SAILIFE,
SAIL,
RUBICON,
SANDESH,
SANDUMA,
SAKHTISUG,
SALONA,
SALASAR,
SAMPANN,
SAMHI,
RUSHIL,
RUPA,
SANGHVIMOV,
SALZERELEC,
RUSTOMJEE,
SAGILITY,
SANATHAN,
SAKSOFT,
SADBHIN,
SANDHAR,
SAMBHAAV,
SAMBHV,
SAKUMA,
SANGAMIND,
S&SPOWER,
SANSERA,
SANOFI,
SAGARDEEP,
SAATVIKGL,
SAHYADRI,
RUCHIRA,
SANCO,
SANGINITA,
SADHNANIQ,
RVHL,
SABEVENTS,
RUCHINFRA,
SANSTAR,
RVTH,
SAPPHIRE,
SALSTEEL,
SADBHAV,
SAKAR,
SAFARI,
SANOFICONR,
SANGHIIND,
RVNL,
SAGCEM,
SARDAEN,
SARLAPOLY,
SARVESHWAR,
SBICARD,
SATIN,
SASKEN,
SASTASUNDR,
SATIA,
SBILIFE,
SBC,
SBCL,
SAURASHCEM,
SBGLP,
SECURKLOUD,
SCI,
SAREGAMA,
SBFC,
SCODATUBES,
SCHNEIDER,
SCILAL,
SDBL,
SBIN,
SCHAEFFLER,
SCHAND,
SCPL,
SEAMECLTD,
SECMARK,
SEMAC,
SELMC,
SENCO,
SETCO,
SEJALLTD,
SEPC,
SETUINFRA,
SENORES,
SFL,
SETL,
SGIL,
SGL,
SERVOTECH,
SHANKARA,
SESHAPAPER,
SEYAIND,
SGMART,
SHAKTIPUMP,
SGFIN,
SHAH,
SHAHALLOYS,
SHALBY,
SHAILY,
SHALPAINTS,
SHANTI,
SHARDACROP,
SHANTIGOLD,
SHAREINDIA,
SHARDAMOTR,
SHEMAROO,
SHIVALIK,
SHANTIGEAR,
SHRIPISTON,
SHEKHAWATI,
SHILPAMED,
SHIVAMILLS,
SHIVAMAUTO,
SHILCTECH,
SHIVATEX,
SHRIRAMFIN,
SHYAMCENT,
SHRIRAMPPS,
SHOPERSTOP,
SHIVAUM,
SHK,
SHREEPUSHK,
SHREEJISPG,
SHRADHA,
SHREERAMA,
SHREECEM,
SHRENIK,
SHREDIGCEM,
SHREYANIND,
SHRINGARMS,
SIGACHI,
SHYAMTEL,
SHYAMMETL,
SIGMA,
SIRCA,
SIEMENS,
SIKKO,
SIL,
SIGNPOST,
SIGNATURE,
SILGO,
SILINV,
SICALLOG,
SIGIND,
SIS,
SILLYMONKS,
SINCLAIR,
SIMPLEXINF,
SILVERTUC,
SINDHUTRAD,
SIMBHALS,
SINTERCOM,
SIYSIL,
SKIPPER,
SNOWMAN,
SKFINDIA,
SITINET,
SMARTLINK,
SMSPHARMA,
SJS,
SMARTWORKS,
SJVN,
SMLT,
SKFINDUS,
SKYGOLD,
SKMEGGPROD,
SMCGLOBAL,
SOTL,
SMLMAH,
SOLARWORLD,
SOLARINDS,
SOFTTECH,
SOBHA,
SOMATEX,
SOLEX,
SOMICONVEY,
SOLARA,
SOMANYCERA,
SONACOMS,
SONAMLTD,
SONATSOFTW,
SOUTHWEST,
SOUTHBANK,
SPCENET,
SPECIALITY,
SPORTKING,
SPIC,
SPECTRUM,
SPANDANA,
SPMLINFRA,
SPENCERS,
SPARC,
SSWL,
SPAL,
SPLPETRO,
SPLIL,
STALLION,
SRF,
SREEL,
SRD,
SRHHYPOLTD,
SRM,
SRGHFL,
SSDL,
STARHEALTH,
STANLEY,
STAR,
STEELXIND,
STEELCITY,
STEELCAS,
STLTECH,
STARCEMENT,
STARPAPER,
STARTECK,
STEL,
STERTOOLS,
STOVEKRAFT,
SUMEETINDS,
STLNETWORK,
STCINDIA,
STUDDS,
SUBEXLTD,
SUDARSCHEM,
STYL,
SUKHJITS,
SUDEEPPHRM,
STYLAMIND,
STYLEBAAZA,
SUDARCOLOR,
SUBROS,
STYRENIX,
SULA,
SUMICHEM,
SUNDARAM,
SUMIT,
SUNFLAG,
SUNCLAY,
SUMMITSEC,
SUNTECK,
SUNDARMFIN,
SUPERSPIN,
SUNDRMBRAK,
SUNDRMFAST,
SURAJLTD,
SUNPHARMA,
SUPERHOUSE,
SUNDROP,
SUNTV,
SUPRAJIT,
SUPREME,
SUPREMEENG,
SUPREMEINF,
SUPRIYA,
SUPREMEIND,
SURAJEST,
SURYALAXMI,
SURAKSHA,
SURYAROSNI,
SUTLEJTEX,
SURANAT&P,
SURANASOL,
SUZLON,
SURYODAY,
SUVEN,
SVPGLOB,
SUYOG,
SUVIDHAA,
SWANCORP,
TALBROAUTO,
SVLL,
SWANDEF,
TARACHAND,
TANLA,
SWIGGY,
SYMPHONY,
SWELECTES,
SYRMA,
SYNGENE,
SWSOLAR,
SYNCOMF,
SWARAJENG,
TAINWALCHM,
TAJGVK,
SYSTMTXC,
TAKE,
TARC,
TARIL,
TARMAT,
TATACAP,
TARAPUR,
TASTYBITE,
TATACOMM,
TARSONS,
TATAPOWER,
TATAINVEST,
TATACONSUM,
TATAELXSI,
TATACHEM,
TCIFINANCE,
TCPLPACK,
TATASTEEL,
TATVA,
TATATECH,
TBZ,
TCI,
TBOTEK,
TCIEXP,
TEAMGTY,
TCS,
TECILCHEM,
TECHNOE,
TEGA,
TEJASNET,
TFCILTD,
TEXRAIL,
TERASOFT,
TICL,
TEMBO,
TDPOWERSYS,
TECHM,
TENNIND,
TEAMLEASE,
TEXMOPIPES,
TEXINFRA,
TIGERLOGS,
TIIL,
THEJO,
THANGAMAYL,
THELEELA,
THEINVEST,
THERMAX,
THYROCARE,
TFL,
THOMASCOTT,
THEMISMED,
THOMASCOOK,
TGBHOTELS,
TI,
TIINDIA,
TIJARIA,
TIMKEN,
TIL,
TITAN,
TIRUPATIFL,
TIMETECHNO,
TIRUMALCHM,
TIPSMUSIC,
TIPSFILMS,
TINNARUBR,
TOLINS,
TITAGARH,
TMCV,
TMB,
TMPV,
TNPETRO,
TNTELE,
TNPL,
TOKYOPLAST,
TORNTPOWER,
TPLPLASTEH,
TOTAL,
TPHQ,
TORNTPHARM,
TRANSWORLD,
TRIDENT,
TRANSRAILL,
TOUCHWOOD,
TREJHARA,
TRACXN,
TRAVELFOOD,
TRIGYN,
TRF,
TVSSRICHAK,
TREEHOUSE,
TRITURBINE,
TREL,
TRENT,
TTKHLTCARE,
TRUALT,
TRIVENI,
TRU,
TTKPRESTIG,
TVSELECT,
TSFINV,
TTL,
TTML,
TVSHLTD,
TVSMOTOR,
TVSSCS,
UBL,
TVVISION,
UFBL,
UDS,
UGROCAP,
UCAL,
UEL,
UFLEX,
UCOBANK,
UNIECOM,
UFO,
UGARSUGAR,
TVTODAY,
UJJIVANSFB,
ULTRACEMCO,
UMAEXPORTS,
UMESLTD,
UMIYA-MRO,
UNICHEMLAB,
UNIDT,
UNIENTER,
UNIINFO,
URJA,
UNITEDTEA,
UNIVASTU,
URAVIDEF,
VALIANTORG,
UNIPARTS,
UNIONBANK,
USHAMART,
UNITECH,
UNITDSPR,
UNIVCABLES,
UNIVPHOTO,
UPL,
UNOMINDA,
UNITEDPOLY,
UNIMECH,
URBANCO,
USK,
UTIAMC,
UYFINCORP,
VAISHALI,
UTLSOLAR,
UTKARSHBNK,
VAKRANGEE,
UTTAMSUGAR,
V2RETAIL,
VADILALIND,
VAIBHAVGBL,
VALIANTLAB,
VARROC,
VARDHACRLC,
VASWANI,
VEDL,
VARDMNPOLY,
VASCONEQ,
VCL,
VENTIVE,
VEEDOL,
VHL,
VENKEYS,
VHLTD,
VBL,
VENUSPIPES,
VIDYAWIRES,
VIDHIING,
VENUSREM,
VERANDA,
VERTOZ,
VGL,
VETO,
VESUVIUS,
VGUARD,
VIJAYA,
VIKASLIFE,
VIKASECO,
VIJIFIN,
VINDHYATEL,
VINCOFE,
VINYLINDIA,
VIPCLOTHNG,
VIKRAMSOLR,
VIKRAN,
VINATIORGA,
VMART,
VINNY,
VIPIND,
VINEETLAB,
VIMTALABS,
VISHNU,
VISHWARAJ,
VIYASH,
VIVIMEDLAB,
VIPULLTD,
VITAL,
VISAKAIND,
VIVIDHA,
VISASTEEL,
VIRINCHI,
VLEGOV,
VLSFINANCE,
VMM,
VMSTMT,
VPRPL,
VOLTAMP,
VRLLOG,
VRAJ,
VSTIND,
VSSL,
VSTTILLERS,
VSTL,
WAAREEENER,
WEIZMANIND,
VOLTAS,
WAAREEINDO,
WAAREERTL,
VTL,
WAKEFIT,
WALCHANNAG,
WABAG,
WCIL,
WANBURY,
WEALTH,
WEBELSOLAR,
WELCORP,
YATHARTH,
WINSOME,
WELENT,
WEWIN,
WENDT,
WESTLIFE,
WELINV,
WEWORK,
WELSPUNLIV,
WHEELS,
WINDLAS,
WINDMACHIN,
WEL,
WILLAMAGOR,
WORTHPERI,
WIPRO,
WIPL,
WOCKPHARMA,
WONDERLA,
XPROINDIA,
XCHANGING,
XELPMOC,
WSI,
WSTCSTPAPR,
XTGLOBAL,
YASHO,
WHIRLPOOL,
ZAGGLE,
ZENTEC,
ZEEMEDIA,
YESBANK,
ZEEL,
ZFCVINDIA,
ZODIACLOTH,
ZEELEARN,
ZENITHEXPO,
ZENITHSTL,
YATRA,
YUKEN,
ZODIAC,
ZENSARTECH,
ZIMLAB,
ZOTA,
ZUARIIND,
ZUARI,
ZYDUSWELL,
ZYDUSLIFE,
